{
  "run_id": "20260225_164128",
  "seed": 42,
  "supcon_tau": 0.07,
  "supcon_weight": 0.2,
  "supcon_ep": 100,
  "supcon_bs": 64,
  "supcon_lr": 0.0003,
  "encoder_dim": 256,
  "proj_dim": 128,
  "mci_weight_boost": 1.8,
  "fus_ep": 30,
  "fus_pat": 8,
  "fus_bs": 128,
  "fus_lr": 0.0005,
  "fus_mri_hidden": 512,
  "fus_tab_emb_dim": 256,
  "label_smooth": 0.1,
  "focal_gamma": 1.0,
  "push_CN_MCI": 1.0,
  "push_CN_AD": 2.5,
  "push_MCI_CN": 1.8,
  "push_MCI_AD": 0.8,
  "push_AD_CN": 2.5,
  "push_AD_MCI": 0.8,
  "tab_in_dim": 10,
  "tab_fus_dim": 256,
  "results": {
    "supcon_tab": {
      "val_acc": 0.591304347826087,
      "test_acc": 0.6782608695652174,
      "test_auc": 0.8369007801848829,
      "test_mci_recall": 0.5596330275229358
    },
    "fusion": {
      "val_acc": 0.6238095238095238,
      "val_auc": 0.8233996706267895,
      "test_acc": 0.696078431372549,
      "test_auc": 0.854825361317682,
      "test_f1": 0.7039460527270762,
      "test_mcc": 0.5452626275329017,
      "test_mci_recall": 0.5052631578947369,
      "improvement_acc": 0.017817561807331628,
      "improvement_auc": 0.017924581132799156,
      "improvement_mci": -0.0543698696281989
    }
  }
}